Name,ShortName,ModeAndPID,Equation,Min Value,Max Value,Units,Header
"[ET001] Плюс После Вкл. Зажиг. На Комп.","Ignition","22200E","{A:0}","0","0","","7E0"
"[ET018] Запрос На Вкл. Кондиционера","AC req","222229","{A:0}","0","0","","7E0"
"[ET038] Двигатель","Engine","222010","A","0","0","","7E0"
"[ET041] Перед. Отнош. Коробки Передач","перед отн КПП","222C04","(A&7)","0","0","","7E0"
"[ET043] Регулировка Скорости","рег скор","222079","{A:3}","0","0","","7E0"
"[ET115] Сигн. Лампа Предпуск. Подогрева","Glow lamp","222823","{A:0}","0","0","","7E0"
"[ET116] Разреш. На Включ. Кондиционера","AC perm","222092","{A:0}","0","0","","7E0"
"[ET160] Команда Реле Предвар. Подогрева","Glow","22201A","{A:0}","0","0","","7E0"
"[ET205] Управл. Реле Рез. Сист. Охл. No. 1","T-1","22201D","{A:0}","0","0","","7E0"
"[ET206] Управл. Реле Рез. Сист. Охл. No. 2","T-2","22201D","{A:1}","0","0","","7E0"
"[ET207] Управл. Реле Рез. Сист. Охл. No. 3","T-3","22201D","{A:2}","0","0","","7E0"
"[ET336] Ввод Значения Параметра Функции Рог","ввод знач парам рог","222479","{A:0}","0","0","","7E0"
"[ET405] Контакт Педали Сцепления","конт пед сцепл","22222D","(A&7)","0","0","","7E0"
"[ET413] Функция КК/СЛ","функция КК","22204C","(A&7)","0","0","","7E0"
"[ET521] Информация О Минимальном Уровне Топлива","мин ур топл","22281B","{A:0}","0","0","","7E0"
"[ET587] Сист Охлажд Рециркул Отработавших Газов","сист охл рог","22240F","{A:0}","0","0","","7E0"
"[ET649] Детектор Воды В Дизельном Топливе","water!","22FD70","{A:0}","0","0","","7E0"
"[ET673] Обнаруж. Блокировки Педали Акселератора","блокир аксел","222036","A","0","0","","7E0"
"[ET691] Выключатель Запуска Двигателя","выкл зап двигателя","222079","{A:0}","0","0","","7E0"
"[ET702] Статическая Регенерация","статич реген","222434","(A&7)","0","0","","7E0"
"[ET703] Выключатель Регулятора/Ограничителя Скорости","выкл КК","22204B","(A&7)","0","0","","7E0"
"[ET723] Отображаемая Скорость Автомобиля","disp speed","222226","{A:0}","0","0","","7E0"
"[ET724] Мультиплексир. Информация О Скорости Автомобиля","info speed","222225","{A:0}","0","0","","7E0"
"[ET726] Включение Заднего Хода","включ задн ход","222079","{A:1}","0","0","","7E0"
"[ET727] Соедин Рег/Огр Ск После Наж Выкл Рег Ск","соед кк после рег скор","22203B","{A:0}","0","0","","7E0"
"[ET728] Соедин Рег/Огр Ск После Наж Выкл Огр Ск","соед кк после огр скор","22203E","{A:0}","0","0","","7E0"
"[ET732] Ручной Или Автомат. Стояночный Тормоз","parking","22222B","{A:0}","0","0","","7E0"
"[ET755] Нейт. Полож. Рыч Перекл. Механ. Кор. Пер","нейтр МКПП","22222E","(A&3)","0","0","","7E0"
"[ET756] Авт. Кор. Пер. Работает В Резер. Режиме","АКПП bypass!","22204F","{A:6}","0","0","","7E0"
"[ET757] Пер Инф По Мул Сети От Дат Хода Пед Сцеп","инф по мульт от сцеп","222222","{A:0}","0","0","","7E0"
"[ET759] Пер. Инф. По Мул. Сети О Распоз. Тормож.","распозн тормож","22200F","(A&15)","0","0","","7E0"
"[ET760] Первый Запуск Двигателя","первый зап двигателя","222047","{A:0}","0","0","","7E0"
"[ET764] Сигн Датч Нач Хода Пед Сц По Пров Связи","нач хода пед сцеп","22222F","{A:0}","0","0","","7E0"
"[ET767] Единица Измерения Скорости Автомобиля","ед измер сокрости","222051","{A:0}","0","0","","7E0"
"[ET774] Регулирование Давления Наддува","рег давл наддува","22241E","(A&31)","0","0","","7E0"
"[ET775] Синхр. Сигн. Вмт Датч. Полож. Распр.Вала","синх сигн вмт датч полож распредвала","222014","{A:0}","0","0","","7E0"
"[ET785] Инф О Положении Педали Сцепл Недоступна","инф о пед сцеп недоступна","22204F","{A:0}","0","0","","7E0"
"[ET786] Инф О Положении Педали Сцепл Отсутствует","инф о пед сцеп отсутствует","22204F","{A:1}","0","0","","7E0"
"[ET787] Инф О Полож Педали Тормоза Недоступна","инф о пед тормоза недоступна","22204F","{A:2}","0","0","","7E0"
"[ET788] Инф О Полож Педали Тормоза Отсутствует","инф о пед тормоза отсутствует","22204F","{A:3}","0","0","","7E0"
"[ET789] Замедл Без Нажатия На Педаль Тормоза","auto stop","22204F","{A:4}","0","0","","7E0"
"[ET790] Резкое Замедл Без Нажатия На Пед Тормоза","fast stop","22204F","{A:5}","0","0","","7E0"
"[ET791] Откл Регулятора Скор Эбу Системы Впрыска","откл КК сист впрыска","22204F","{A:7}","0","0","","7E0"
"[ET792] Откл Огранич Скор Эбу Системы Впрыска","откл КК сист впрыска","22204E","{A:5}","0","0","","7E0"
"[ET793] Инф. О Текущей Скорости Авт. Недоступна","инф о тек сокр недоступна","22204E","{A:0}","0","0","","7E0"
"[ET794] Инф. Об Отобр. На Экр. Скор. Авт. Недост.","инф об отобр скор недоступна","22204E","{A:1}","0","0","","7E0"
"[ET795] Инф О Текущей Скор Автомоб Отсутствует","инф о тек сокр отсутствует","22204E","{A:2}","0","0","","7E0"
"[ET796] Инф О Выв На Экран Скор Автом Отсут","инф об отобр скор отсутствует","22204E","{A:3}","0","0","","7E0"
"[ET797] Смена Ед. Измерения Скор Автомобиля","смена ед измер скорости","22204E","{A:4}","0","0","","7E0"
"[ET799] Подкл Выключателя Стоп-Сигнала Проводами","подкл выкл стоп-сигн проводами","222026","(A&3)","0","0","","7E0"
"[ET807] Противопробукс. Сис. И Стабилиз. Траект.","ESP","222079","{A:2}","0","0","","7E0"
"[ET808] Стояночный Тормоз","parking","222079","{A:4}","0","0","","7E0"
"[ET813] Запрос Низ.Скор. Эл/Вент. С Эбу Впрыска","запрос низ скор вент с эбу впрыска","22204A","{A:0}","0","0","","7E0"
"[ET814] Запрос Выс.Скор. Эл/Вент. С Эбу Впрыска","запрос выс скор вент с эбу впрыска","22204A","{A:1}","0","0","","7E0"
"[ET815] Запрос Низ.Скор.Эл/Вент. С Эбу Конд.","запрос низ скор вент с эбу конд","22204A","{A:2}","0","0","","7E0"
"[ET816] Запрос Выс.Скор.Эл/Вент. С Эбу Конд.","запрос выс скор вент с эбу конд","22204A","{A:3}","0","0","","7E0"
"[ET817] Запрос Низ.Скор.Эл/Вентилятора С Эбу Акп","запрос низ скор вент с эбу акп","22204A","{A:4}","0","0","","7E0"
"[ET818] Запрос Выс.Скор.Эл/Вентилятора С Эбу Акп","запрос выс скор вент с эбу акп","22204A","{A:5}","0","0","","7E0"
"[ET819] Оконч. Запрос Низ.Скор.Эл/Вентилятора","оконч запрос низ скор вент","22204A","{A:6}","0","0","","7E0"
"[ET820] Оконч. Запрос Выс.Скор.Эл/Вентилятора","оконч запрос выс скор вент","22204A","{A:7}","0","0","","7E0"
"[ET824] Команда Регенерации","ком реген","22246D","A","0","0","","7E0"
"[ET825] Разрешение Регенерации","заверш реген","222166","{A:0}","0","0","","7E0"
"[ET826] Ком.Э/М Клап.Форс.Сист.Впрыска С Исп. Ог","ком э/м клап форс сист впрыска","222878","{A:0}","0","0","","7E0"
"[ET827] Запрогр. Открытие Первого Впуск. Клапана","запрог откр перв впуск клапана","222477","{A:0}","0","0","","7E0"
"[ET828] Запрогр. Закрытие Первого Впуск. Клапана","запрог закр перв впуск клапана","222478","{A:0}","0","0","","7E0"
"[ET832] Разреш. Соед. Регул./Ограничит. Скорости","разреш соед КК","22222F","A","0","0","","7E0"
"[ET834] Регул. Скор. Заблокирован Эбу Сист. Впр.","рег скор заблок","222079","{A:5}","0","0","","7E0"
"[ET835] Огран. Скор. Заблокирован Эбу Сист. Впр.","огр скор заблок","222079","{A:6}","0","0","","7E0"
"[ET837] Синхронизация Коленчатого Вала","синх колен вала","222016","{A:0}","0","0","","7E0"
"[ET838] Регулировки Режима Горения","рег реж горения","222055","(A&15)","0","0","","7E0"
"[ET839] Режим Горения","реж горения","222056","(A&15)","0","0","","7E0"
"[ET879] Сиг Частоты Вращ Колен Вала","сигн частоты вращ колен вала","222161","{A:0}","0","0","","7E0"
"[LC165] Функция Ограничителя Скорости","функция огр скорости","22203D","{A:0}","0","0","","7E0"
"[LC166] Функция Регулятора Скорости","функция регул скорости","22203A","{A:0}","0","0","","7E0"
"[LC167] Выключатель Регулятора/Ограничителя Скорости","выкл КК","222041","{A:0}","0","0","","7E0"
"[PR002] Заряд От Генератора","заряд","222099","(1.0*(A))/2.55","0","0","%","7E0"
"[PR005] Установка Открытия Клапана Рог","уст откр рог","222408","(1.0*((A*256+B)-32768))/100","0","0","%","7E0"
"[PR006] Ток Регулятора Давл. В Топл. Коллекторе","ток регул давл в топл колл","22FDBA","(1.0*(((A*256+B))*1000))/314.76","0","0","mA","7E0"
"[PR008] Уставка Давления В Топливной Магистрали","def P fuel","222802","(A*256+B)","0","0","bar","7E0"
"[PR009] Установка Давления Наддува","def P boost","222402","(A*256+B)","0","0","mbar","7E0"
"[PR015] Крутящий Момент Двигателя","torque","222004","(1.0*((A*256+B)-12800))/32","0","0","Nm","7E0"
"[PR017] Подача Топлива","подача топл","222806","(1.0*((A*256+B)))/100","0","0","mg/cp","7E0"
"[PR018] Оценочн. Расход Воздуха","оцен расх воздуха","222421","(1.0*((A*256+B)))/10","0","0","mg/cp","7E0"
"[PR025] Пробег. Км","пробег","222006","(A*65536+B*256+C)","0","0","km","7E0"
"[PR030] Положение Педали Акселератора","полож пед акс","22202E","(1.0*((A*256+B)))/8","0","0","%","7E0"
"[PR035] Атмосферное Давление","P atm","222009","(A*256+B)","0","0","mbar","7E0"
"[PR037] Давление Хладагента","P cool","22222A","(1.0*((A*256+B)))/10","0","0","bar","7E0"
"[PR038] Давление В Топливной Магистрали","P fuel","222801","(A*256+B)","0","0","bar","7E0"
"[PR041] Давление Наддува","P boost","222401","(A*256+B)","0","0","mbar","7E0"
"[PR048] Отн. Ц. Откр. Кл. Рег. Д. В Общ. Т-Пров.","отн ц откр кл рег д в общ","22FDB9","(1.0*((A*256+B)))/655.36","0","0","%","7E0"
"[PR055] Обороты двигателя","","222002","(A*256+B)/4","0","0","rpm","7E0"
"[PR059] Температура Забираемого Воздуха","T air","22240D","(1.0*((A*256+B)-2730))/10","0","0","*C","7E0"
"[PR063] Температура Топлива","T fuel","222008","(1.0*((A*256+B)-2730))/10","0","0","*C","7E0"
"[PR064] Температура Воды","T water","222001","(1.0*((A*256+B)-2730))/10","0","0","*C","7E0"
"[PR071] Напряжение Питания Компьютера","V","222005","(1.0*((A*256+B)))/100","0","0","V","7E0"
"[PR079] Напряжение Датчика Атмосф. Давл.","V датч атм давл","222012","(1.0*(A*256+B))/1000","0","0","V","7E0"
"[PR080] Напряж. Датчика Давления В Топл. Коллект.","V датч давл в топл колл","22FD8A","(1.0*((A*256+B)))/13106.159","0","0","V","7E0"
"[PR082] Напряжение Датчика Темп. Топлива","V датч T топлива","22FD89","(1.0*((A*256+B)))/6553.6","0","0","V","7E0"
"[PR084] Напряжение Датчика Темп. Воды","V датч T воды","22FD8B","(1.0*((A*256+B)))/6553.6","0","0","V","7E0"
"[PR089] Скорости Автомобиля","speed","222003","(1.0*((A*256+B)))/100","0","0","km/h","7E0"
"[PR1005] Прохождение Ог В Противосажевом Фильтре","ОГ в DPF","222447","(1.0*((A*256+B)))/10","0","0","m3/h","7E0"
"[PR1006] Напр.Датч. Отн.Давл. В Противосаж.Фильтре","V датч отн давл в DPF","222446","(1.0*(A*256+B))/1000","0","0","V","7E0"
"[PR1007] Ком. Отнош.Цикла Откр.Форс.Противосаж.Фил","ком отн цикла откр форс DPF","222826","(1.0*((A*256+B)))/100","0","0","%","7E0"
"[PR1008] Продолжительность Последней Регенерации","длительн реген","222487","(1.0*((A*256+B)))/600","0","0","min","7E0"
"[PR1009] Уставка Знач.Темп.Перед Противосаж.Фильтр","уст знач T перед DPF","222432","(1.0*((A*256+B)-2730))/10","0","0","*C","7E0"
"[PR1016] Диагн. Напр.Питания Соед. Впуск.Заслонки","диагн V пит соед впуск засл","2224D3","(1.0*(A*256+B))/1000","0","0","V","7E0"
"[PR1017] Относ. Положение Заслонки Впуска Воздуха","отн полож засл впуск воздух","222404","(1.0*((A*256+B)))/20.491","0","0","%","7E0"
"[PR1019] Полный Крутящий Момент Двигателя","ttorque","222067","(1.0*((A*256+B)))/32","0","0","Nm","7E0"
"[PR1020] Смещение Датч.Давл. Противосаж. Фильтра","смещ датч давл DPF","2224C2","(A*256+B)-32768","0","0","mbar","7E0"
"[PR1021] Абс. Положение Заслонки Впуска Воздуха","абс полож засл воздуха","2224CA","(1.0*((A*256+B)))/20.491","0","0","%","7E0"
"[PR1022] Ср. Период Сигнала Датчика Расхода Воздуха","ср период сигн датч расх воздуха","22FD69","(A*256+B)","0","0","mks","7E0"
"[PR1023] Напр Пит. Датчика Заслонки Впуска Воздуха","V датч засл впуск воздуха","2224D6","(1.0*(A*256+B))/1000","0","0","V","7E0"
"[PR1024] Темп. Перед Блоком Засл. Впуска Воздуха","T перед блок засл впуск воздуха","22244D","(1.0*((A*256+B)-2730))/10","0","0","*C","7E0"
"[PR1025] Заданное Полож. Заслонки Впуска Воздуха","зад полож засл впуска воздуха","2224D2","(1.0*((A*256+B)-32767))/20.491","0","0","%","7E0"
"[PR1026] Счетчик Потери Синхронизации Коленвала","счет потери синх коленвала","222162","(A*256+B)","0","0","","7E0"
"[PR1029] Мощность Генератора","мощн","222057","10*(A*256+B)","0","0","W","7E0"
"[PR1031] Общий Расход Системы Впрыска","общ расход сист впрыска","222809","(1.0*((A*256+B)))/100","0","0","mg/cp","7E0"
"[PR1033] Напряжение Питания Датчика Срог","V датчика РОГ","2224D5","(A*256+B)","0","0","mV","7E0"
"[PR1035] Состояние Адапт. Цил. 1","сост адап цил 1","22FD15","A","0","0","","7E0"
"[PR1036] Состояние Адапт. Цил. 2","сост адап цил 2","22FD16","A","0","0","","7E0"
"[PR1037] Состояние Адапт. Цил. 3","сост адап цил 3","22FD17","A","0","0","","7E0"
"[PR1038] Состояние Адапт. Цил. 4","сост адап цил 4","22FD18","A","0","0","","7E0"
"[PR1078] Пробег После Замены Противосаж. Фильтра","пробег после замены DPF","2224BB","(A*65536+B*256+C)","0","0","km","7E0"
"[PR1079] Пробег С Момента Посл. Успешной Регенер.","пробег с мом посл усп реген","2224A9","(A*65536+B*256+C)","0","0","km","7E0"
"[PR1229] Расход После Системы Впрыска","расх после сист впрыска","22280D","(1.0*((A*256+B)))/100","0","0","mg/cp","7E0"
"[PR1232] Количество Оборотов Коленчатого Вала","кол обор коленвала","22210E","(1.0*(A*16777216+B*65536+C*256+D))/1000000","0","0","","7E0"
"[PR1245] Фазировка После Впрыска","фазир после впрыска","222813","(1.0*((A*256+B)-32768))/50","0","0","","7E0"
"[PR128] Первое Смещение Клапана Рог","первое смещ рог","22242A","(1.0*((A*256+B)))/20.4918","0","0","%","7E0"
"[PR129] Последнее Значение Смещения Клапана Рог","посл смещ рог","222429","(1.0*((A*256+B)))/20.4918","0","0","%","7E0"
"[PR130] Установка регулировки скорости","уст скор КК","222035","A","0","0","km/h","7E0"
"[PR135] Напр На Выкл Регулятора/Ограничителя Ск","V выкл ККСЛ","222039","(1.0*(A*256+B))/1000","0","0","V","7E0"
"[PR136] Положение Рог","положение рог","222407","(1.0*((A*256+B)))/20.491","0","0","%","7E0"
"[PR146] Подача Забираемого Воздуха","подача забир воздуха","222412","(1.0*((A*256+B)))/10","0","0","mg/cp","7E0"
"[PR147] Напряжение Потенц. Педали Тракт 1","V педали тракт 1","22200B","(1.0*(A*256+B))/1000","0","0","V","7E0"
"[PR148] Напряжение Потенц. Педали Тракт 2","V педали тракт 2","22200C","(1.0*(A*256+B))/1000","0","0","V","7E0"
"[PR160] Напряжение Потенциометра Рог","V потенц рог","222424","(1.0*(A*256+B))/1000","0","0","V","7E0"
"[PR180] Установка Подачи Воздуха","уст подачи воздуха","222413","(1.0*((A*256+B)))/10","0","0","mg/cp","7E0"
"[PR215] Напряжение No. 1 Питания Датчиков","V 1 датчиков","222021","(1.0*(A*256+B))/1000","0","0","V","7E0"
"[PR216] Напряжение No. 2 Питания Датчиков","V 2 датчиков","222022","(1.0*(A*256+B))/1000","0","0","V","7E0"
"[PR224] Напряжение Датчика Давл. Наддува","V датч давл наддува","22FD82","(1.0*((A*256+B)))/6553.6","0","0","V","7E0"
"[PR241] Управление Клапана Рог","упр клап рог","222409","(1.0*((A*256+B)-32768))/100","0","0","%","7E0"
"[PR279] Команда Впускной Заслонки","ком впуск заслонки","222406","(1.0*((A*256+B)-32768))/100","0","0","%","7E0"
"[PR312] Давление В Коллекторе","P в коллекторе","22240B","(A*256+B)","0","0","mbar","7E0"
"[PR364] Коррекция Дебита Топлива Цилиндра No. 1","корр деб цил 1","22FD07","0.0000305*(A*256+B)","0","0","","7E0"
"[PR365] Коррекция Дебита Топлива Цилиндра No. 4","корр деб цил 4","22FD0A","0.0000305*(A*256+B)","0","0","","7E0"
"[PR382] Температура На Входе Противосаж. Фильтра","T на входе DPF","222442","(1.0*((A*256+B)-2730))/10","0","0","*C","7E0"
"[PR383] Масса Сажи В Противосажевом Фильтре","M сажи в DPF","22242C","(1.0*((A*256+B)))/100","0","0","g","7E0"
"[PR385] Расход В Линии Выпуска Отработанных Газов","расх выпуска ОГ","222400","(1.0*((A*256+B)))/100","0","0","g/s","7E0"
"[PR405] Коррекция Расхода Топлива Цилиндра No. 2","корр расх цил 2","22FD08","0.0000305*(A*256+B)","0","0","","7E0"
"[PR406] Коррекция Расхода Топлива Цилиндра No. 3","корр расх цил 3","22FD09","0.0000305*(A*256+B)","0","0","","7E0"
"[PR414] Дифференциальное Давление Противосажевый Фильтр","дифф давл DPF","222542","(A*256+B)-32768","0","0","mbar","7E0"
"[PR415] Время С Момента Последней Регенерации","время с мом посл реген","222488","(1.0*(A*256+B))/3600","0","0","h","7E0"
"[PR542] Значение Потенц. При Закр. Клапане Рог","знач потенц при закр рог","2224CF","(1.0*(A*256+B))/20.491","0","0","%","7E0"
"[PR635] Напряжение Питания N°3 Датчиков","V 3 датчиков","222023","(1.0*(A*256+B))/1000","0","0","V","7E0"
"[PR636] Давление На Входе Турбины","P на вх @","222448","(A*256+B)","0","0","mbar","7E0"
"[PR667] Температура На Входе Турбины","T на вх @","222439","(1.0*((A*256+B)-2730))/10","0","0","*C","7E0"
"[PR668] Напряжение Датчика Темп. На Входе Турбины","V датчика T на вх @","22243A","(1.0*((A*256+B)))/6553.08","0","0","V","7E0"
"[PR670] Напряж Датч Темп Перед Противос Фильтром","V датч T перед DPF","22FD88","(1.0*((A*256+B)))/6553","0","0","V","7E0"
"[PR672] Заданное Полож. Заслонки Впуска Воздуха","зад полож засл впуска воздуха","222405","(1.0*((A*256+B)-32767))/20.491","0","0","%","7E0"
"[PR739] Ток Эл/Магн. Клап. Регулир. Подачи Топл.","ток э/м клап рег под топл","22FDB8","(1.0*(((A*256+B))*1000))/314.76","0","0","mA","7E0"
"[PR774] Напряж. Датч. Полож. Засл. Впуска Возд.","V датч полож засл впуск воздуха","222417","(1.0*(A*256+B))/1000","0","0","V","7E0"
"[PR782] Напряж. Датчика Давл. На Входе Турбины","V датч давл на вх @","22FD86","(1.0*((A*256+B)))/6553","0","0","V","7E0"
"[PR804] Пробег А/М При Последнем Появл. Неиспр.","пробег при появл неиспр","190680","(E*65536+F*256+G)","0","0","km","7E0"
"[PR806] Число Случаев Появление Неисправности","число случаев неисправн","190684","E","0","0","7E0","7E0"
"[PR827] Длительность Нажатия Кнопки Возобновить",длит нажатия кнопки R"","длит наж кнопки R","22207A","A","0","0","s","7E0"
"[PR828] Длительность Нажатия Кнопки +",длит нажатия кнопки +"","длит наж кнопки +","22207B","A","0","0","s","7E0"
"[PR829] Длительность Нажатия Кнопки -",длит нажатия кнопки -"","длит наж кнопки -","22207C","A","0","0","s","7E0"
"[PR830] Длительность Наж. Кнопки Приостановить",длит нажатия кнопки 0"","длит наж кнопки 0","22207D","A","0","0","s","7E0"
"[PR846] Сцо Электромаг. Клапана Рег. Дав. Наддув","сцо э/м клапана рег наддува","222403","(1.0*((A*256+B)))/100","0","0","%","7E0"
"[PR847] Напряж. Датчика Темп. Поступающ. Воздуха","V датч T воздуха","22FD84","(1.0*((A*256+B)))/6553.6","0","0","V","7E0"
"[PR848] Число Неудачных Попыток Регенерации","число неуд попыток реген","222485","A","0","0","","7E0"
"[PR849] Число Ненорм Пер Из Реж Рег В Реж Огр Ск","числ ненорм пер режимов КК","22207E","A","0","0","7E0","7E0"
"[PR850] Заданное Знач. Силы Тока. Подача Топлива","зад знач тока подача топлива","22FDB7","((A*256+B))","0","0","mA","7E0"
"[PR851] Отображаемая Скорость Автомобиля","отобр скорость","222050","(1.0*((A*256+B)))/100","0","0","km/h","7E0"
"[PR858] Первое Смещен Открытой Заслон Впуск Возд","перв смещ откр засл воздуха","222425","(1.0*(A*256+B))/20.491","0","0","%","7E0"
"[PR859] Первое Смещен Закрыт Заслон Впуск Воздух","перв смещ закр засл воздуха","222427","(1.0*(A*256+B))/20.491","0","0","%","7E0"
"[PR860] Последн Смещен Закрыт Заслон Впуска Возд","посл смещ закр засл воздуха","222428","(1.0*(A*256+B))/20.491","0","0","%","7E0"
"[PR861] Послед Смещен Открыт Заслон Впуска Возд","посл смещ откр засл воздуа","222426","(1.0*(A*256+B))/20.4918","0","0","%","7E0"
"[PR864] Сцо Клапана Регул. Подачи Топл. В Рампу","сцо клапана рег подачи топл","22FDB6","(1.0*((A*256+B)))/655.36","0","0","%","7E0"
"[PR869] Пробег А/М При Первом Появлен Неисправн","пробег при первой неиспр","190687","(E*65536+F*256+G)","0","0","km","7E0"
"[PR870] Пробег С Присутствующей Неисправностью","пробег с неисправн","190686","(E*65536+F*256+G)","0","0","km","7E0"
"[PR889] Задан. Знач. Температ. На Входе Турбины","зад знач T на вх @","222438","(1.0*((A*256+B)-2730))/10","0","0","*C","7E0"
"[PR890] Управление Свечами Предпуск. Подогрева","упр Glow","222052","(1.0*(A))/2.55","0","0","%","7E0"
"[PR891] Режим Предпускового Подогрева","режим Glow","22219A","(1.0*((A*256+B)))/4","0","0","%","7E0"
"[PR914] Счетчик Успешных Регенераций","счет усп реген","222481","A","0","0","","7E0"
"[PR916] Измеряемый Массовый Расход Воздуха","изм масс расх воздуха","2224F2","(1.0*((A*256+B)))/10","0","0","kg/h","7E0"
"[PR929] Полное Относительное Давление В Псф","полн относ давл DPF","2224000","(A*256+B)-32768","0","0","mbar","7E0"
"[PR931] Полное Давление Наддува","полн давл наддува","22F40B","(A)*10","0","0","mbar","7E0"
"[PR932] Степень Разжижения Моторного Масла","степень разжиж масла","2224EC","(1.0*(signed(A*16777216+B*65536+C*256+D)))/1000000","0","0","%","7E0"
"[PR988] Расход После Системы Впрыска 1","расх после сист впрыска 1","22280E","(1.0*((A*256+B)))/100","0","0","mg/cp","7E0"
"[АКП] Температура Сцепления 1","T сцеп1","21A7","(1.0*(signed(I*256+J)))/4","0","0","*C","7E1"
"[АКП] Температура Сцепления 2","T сцеп2","21A7","(1.0*(signed(K*256+L)))/4","0","0","*C","7E1"
"[АКП] Эффективный Крутящий Момент Двигателя","Эф крут момент","222037","(1.0*(signed(A*256+B)))/8","0","0","об/мин","7E1"
"[АКП] Положение Текущей Передачи","Gear","222C46","A","0","0","","7E1"
"[АКП] Точка Проскальзывания Сцепления 1","точк проск сц1","2133","(1.0*(signed(C*256+D)))/100","0","0","mm","7E1"
"[АКП] Точка Проскальзывания Сцепления 2","точк проск сц2","2163","(1.0*(signed(C*256+D)))/100","0","0","mm","7E1"
"[АКП] Положение Выбор","полож выбор","21A6","(1.0*signed(AK*256+AL))/64","0","0","%","7E1"
"[АКП] Режим На Выходе Коробки","об после АКП","21A6","(1.0*(signed(G*256+H)))/8","0","0","об/мин","7E1"
"[АКП] Температура Масла Коробки Передач","T масла АКП","21A6","AF-40","0","0","*C","7E1"
"[АКП] Фрикцион 1","Фрикцион 1","21A7","P","0","0","","7E1"
"[АКП] Фрикцион 2","Фрикцион 2","21A7","Q","0","0","","7E1"
"[Дверь] Наружная Температура","T ext","2103","V-40","0","0","*C","705"
"[АБС] Давл В Торм Цилиндре Лев Перед Колеса","P ТЦ FL","2107","0.5*G","0","0","bar","740"
"[АБС] Давл В Торм Цилиндре Прав Перед Колеса","P ТЦ FR","2107","0.5*H","0","0","bar","740"
"[АБС] Давление В Главном Цилиндре","P ГТЦ","2107","0.5*F","0","0","bar","740"
"[АБС] Значение Текущего Пробега В Эбу","пробег АБС","2105","(1.0*(((A*16777216+B*65536+C*256+D)&268435455)))/100","0","0","km","740"
"[АБС] Коэфф. Длины Окружности Покрышки","X-weel","2102","G","0","0","","740"
"[АБС] Поперечное Ускорение","поп ускор","2107","0.015*D-1.905","0","0","грамм","740"
"[АБС] Продольное Ускорение","прод ускор","220207","0.05*A-10","0","0","грамм","740"
"[АБС] Скорость Автомобиля","speed abs","220204","A","0","0","км/час","740"
"[АБС] Скорость Заднего Левого Колеса","speed RL","220202","A","0","0","км/час","740"
"[АБС] Скорость Заднего Правого Колеса","speed RR","220203","A","0","0","км/час","740"
"[АБС] Скорость Переднего Левого Колеса","speed FL","220200","A","0","0","км/час","740"
"[АБС] Скорость Переднего Правого Колеса","speed FR","220201","A","0","0","км/час","740"
"[АБС] Температура Гидроблока","T гидр","2107","I","0","0","*C","740"
"[АБС] Угол Рулевого Колеса","steer wheel ang","2110","0.1*(P*256+Q)-3276.7","0","0","d*","740"
"[АБС] Число Зубцов Мишени","числ зубц мишени","312B00","(1.0*A)/2","0","0","","740"
"[ПП] Мгновенное Значение Уровня Топлива","мгнов знач уровня топл","222201","(1.0*((C*256+D)))/100","0","67","л.","743"
"[ПП]Тек Зн Пробега В Км До Очер Смены Масла","км до смены масла","220202","(A*256+B)","0","0","km","743"
"[ПП]Запас Хода До Очеред Замены Масла В Днях","дни до смены масла","220202","(C*256+D)","0","0","ДЕНЬ","743"
"[ПП] Отображаемый Уровень Топлива","уровень топл","222201","(1.0*((G*256+H)))/100","0","67","л.","743"
"[ПП] Подача Топлива","подача топл","222103","A","0","0","l/h","743"
"[ПП] Расход Топлива","расх топл","222102","(1.0*(5*(A*256+B)))/100","0","0","л.","743"
"[ПП] Резистор Датчика Уровня Топлива","R ур топл","222005","(A*256+B)","5","350","Ом","743"
"[АС] Влажность","влажность","2121","0.5*C","0","0","%","744"
"[АС] Внутренняя Температура","T int","2121","0.4*B-40","-40","60","*C","744"
"[АС] Запрос Кондиционирования Воздуха","запрос AC","2122","{C:4}","0","0","","744"
"[АС] Левый Датчик Интенс. Солн. Освещения","лев датч солнц","2122","50*(M&31)","0","1000","Вт/м2","744"
"[АС] Положение Заслонки Рециркуляции","рецирк","2127","(J&127)","0","100","%","744"
"[АС] Положение Левой Смесит. Заслонки","лев засл","2127","(H&127)","0","100","%","744"
"[АС] Положение Правой Смесит. Заслонки","прав засл","2127","(K&127)","0","100","%","744"
"[АС] Положение Распределит. Заслонки","расп засл","2127","(G&127)","0","100","%","744"
"[АС] Правый Датчик Интенс. Солн. Освещения","прав датч солнц","2122","50*(N&31)","0","0","Вт/м2","744"
"[АС] Управление Скоростью Вентилятора","скор вент","2121","0.1*J","0","15","V","744"
"[АС] Установка Pwm Эл. Вентилят. Салона","PWM вент","2121","K","0","100","%","744"
"[ЦЭКБС] Команда Реле Рос 1","ТЭН 1","2170","{A:0}","0","0","","745"
"[ЦЭКБС] Команда Реле Рос 2","ТЭН 2","2170","{A:1}","0","0","","745"
"[ЦЭКБС] Напряжение Акб 12 В","V АКБ","228000","(1.0*(78*A))/1000","0","20","V","745"
"[ЦЭКБС] Наружная Температура","T ext","228002","A-40","0","255","*C","745"
"[ЦЭКБС] Скорость Автомобиля","speed цэкбс","2165","(1.0*((A*256+B)))/100","0","250","км/час","745"
"[Торм] Значение Наклона","наклон","220206","signed(F)","0","0","%","755"
"[Торм] Измер. Усилие Левой Задней Торм. Скобы","усил лев супп","220206","(1.0*(G))/10*100","0","0","daN","755"
"[Торм] Измер. Усилие Правой Задней Торм. Скобы","усил прав супп","220206","(1.0*(H))/10*100","0","0","daN","755"
"[Торм] Температура Задних Тормозов","T brake","220206","(N*256+O)","0","0","*C","755"
"[БЗИК] Заряд От Генератора","заряд","2122","0.390625*C","0","0","%","74D"
"[БЗИК] Напряжение Аккумуляторной Батареи 12 В","V акб","2122","0.0625*B","0","0","V","74D"
"[БЗИК] Компрессор Кондиционера","AC компр","2104","{D:6}","0","0","","74D"
"[К9К] Вода В Топливе","water!","222058","{A:0}","0","0","",""
"[К9К] Дефолтная Установка Оборотов Двигателя","default rpm","222024","(A*256+B)/4","0","0","",""
"[К9К] Кол-Во Свечей Подогрева Ож","T-plugs cnt","22201D","{A:0}+{A:0}+{A:1}+{A:2}","0","0","",""
"[К9К] Статус Акпп: 2-Мкпп","статус КПП","222096","{A:0}+{A:1}","0","0","",""
"[К9К] Статус Кондиционера","AC state","22201E","{A:0}","0","0","",""
"[К9К] Статус Работы Стартера","starter on","222046","{A:0}+{A:1}","0","0","",""
"[К9К] Статус Успешн. Заверш. Реген Dpf","succes regen key","2224AB","{A:0}","0","0","",""
"[К9К] Уровень Заполнения Dpf","DPF load","2224AF","{A:0}+{A:1}","0","0","",""